af,sa,hbo,ka,el,grc,ja,ko,mt,sme
0.7600627286983795,0.8284904323175053,0.08771929824561403,0.544,0.43955094991364424,0.15270413573700956,0.9988151658767772,1.0,0.05904059040590406,0.16848364717542122
0.23993727130162049,0.17150956768249467,0.9122807017543859,0.456,0.5604490500863558,0.8472958642629904,0.001184834123222749,0.0,0.940959409594096,0.8315163528245788